{
  "combat_duration": 50853,
  "settlement_player": {
    "battle_captain_id": 10700,
    "rank": 1,
    "relic_ids": [],
    "advanced_power_ids": [100011],
    "settlement_units": [
      {
        "unit_id": 10700,
        "make_player_damage": 2510.9872283935547,
        "take_damage": 8575.629348754883,
        "make_damage": 2678.3846740722656,
        "make_heal": 0.0,
        "take_player_damage": 8225.629348754883,
        "fitness_ids": [],
        "hex_ids": [10027]
      }
    ]
  }
}